run_id,pass,section,label,bytes,c_ns,cpp_ns,libc_ns,gain,vs_libc,ratio_spread,time_spread,gain_verdict,libc_verdict
"20260906-124032","P-cores","zeroing, aligned 32","32",32,0.2688,0.2772,1.1914,0.98680,4.38011,0.03504,0.09126,"tie","we win"
"20260906-124032","P-cores","zeroing, aligned 32","64",64,0.3988,0.3951,2.1422,1.00252,5.48056,0.03643,0.12511,"tie","we win"
"20260906-124032","P-cores","zeroing, aligned 32","96",96,0.5820,0.5817,2.1685,0.99909,3.80498,0.08789,0.06624,"tie","we win"
"20260906-124032","P-cores","zeroing, aligned 32","128",128,0.7927,0.7957,2.1619,0.99772,2.75014,0.05823,0.08198,"tie","we win"
"20260906-124032","P-cores","zeroing, aligned 32","160",160,1.5494,1.1036,2.1614,1.45853,1.95851,0.09666,0.12587,"C++ wins","we win"
"20260906-124032","P-cores","zeroing, aligned 32","192",192,1.5472,1.1831,2.1694,1.31645,1.83425,0.04245,0.07782,"C++ wins","we win"
"20260906-124032","P-cores","zeroing, aligned 32","224",224,1.7529,1.3647,2.2959,1.27891,1.66203,0.05452,0.04025,"C++ wins","we win"
"20260906-124032","P-cores","zeroing, aligned 32","256",256,1.7645,1.5986,2.3500,1.11041,1.46920,0.04535,0.07220,"C++ wins","we win"
"20260906-124032","P-cores","zeroing, aligned 32","288",288,2.0811,1.7506,2.2885,1.19152,1.27634,0.11790,0.06802,"C++ wins","we win"
"20260906-124032","P-cores","zeroing, aligned 32","320",320,2.0467,1.9321,2.5402,1.14286,1.31402,0.28424,0.19025,"tie","we win"
"20260906-124032","P-cores","zeroing, aligned 32","384",384,2.8570,2.3621,2.5689,1.40312,1.08869,0.24020,0.43074,"C++ wins","tie"
"20260906-124032","P-cores","zeroing, aligned 32","448",448,2.6858,2.6659,2.5151,1.02801,0.94452,0.08242,0.05743,"tie","tie"
"20260906-124032","P-cores","zeroing, aligned 32","512",512,1.9786,1.9769,2.7798,0.99997,1.40545,0.01001,0.07858,"tie","we win"
"20260906-124032","P-cores","zeroing, aligned 32","576",576,2.3009,2.2838,3.2039,0.99429,1.40933,0.06727,0.04405,"tie","we win"
"20260906-124032","P-cores","zeroing, aligned 32","768",768,2.7352,2.7102,3.0380,1.01117,1.12114,0.05576,0.07060,"tie","we win"
"20260906-124032","P-cores","zeroing, aligned 32","1K",1024,3.5406,3.5908,3.6117,0.99856,1.02298,0.03362,0.07673,"tie","tie"
"20260906-124032","P-cores","zeroing, aligned 32","1536",1536,5.0258,5.0543,5.3740,0.99741,1.07483,0.03723,0.05039,"tie","we win"
"20260906-124032","P-cores","zeroing, aligned 32","2K",2048,6.6387,6.5954,6.7303,0.99781,1.03017,0.04841,0.08103,"tie","tie"
"20260906-124032","P-cores","zeroing, aligned 32","3K",3072,9.8069,9.7857,10.4128,0.99898,1.07025,0.03486,0.06968,"tie","we win"
"20260906-124032","P-cores","zeroing, aligned 32","4K",4096,15.2218,15.0377,12.7990,1.00757,0.85643,0.05737,0.04697,"tie","libc wins"
"20260906-124032","P-cores","zeroing, aligned 32","8K",8192,99.5415,100.1531,101.4652,0.99605,1.02748,0.05982,0.06070,"tie","tie"
"20260906-124032","P-cores","zeroing, aligned 32","16K",16384,202.2015,200.1406,200.2081,1.00990,1.01410,0.04859,0.05025,"tie","tie"
"20260906-124032","P-cores","zeroing, aligned 32","64K",65536,790.9248,791.6663,804.0202,0.99522,1.02975,0.04383,0.04439,"tie","tie"
"20260906-124032","P-cores","aligned 64","64",64,0.3835,0.3849,2.1674,0.98641,5.82826,0.10914,0.07898,"tie","we win"
"20260906-124032","P-cores","aligned 64","128",128,0.7961,0.8008,2.3889,0.99099,3.06666,0.06604,0.09192,"tie","we win"
"20260906-124032","P-cores","aligned 64","192",192,1.3825,1.2105,2.2262,1.15052,1.85448,0.05022,0.09265,"C++ wins","we win"
"20260906-124032","P-cores","aligned 64","256",256,1.7352,1.5648,2.3330,1.10167,1.47634,0.06427,0.06463,"C++ wins","we win"
"20260906-124032","P-cores","aligned 64","384",384,2.3569,2.3250,2.5188,1.02453,1.08903,0.06734,0.05621,"tie","we win"
"20260906-124032","P-cores","aligned 64","512",512,2.6190,2.7362,2.8071,1.01509,1.08832,0.16271,0.26767,"tie","tie"
"20260906-124032","P-cores","aligned 64","1K",1024,3.3228,3.3062,3.5225,1.00322,1.06994,0.04003,0.06025,"tie","we win"
"20260906-124032","P-cores","aligned 64","2K",2048,6.3906,6.3853,6.5883,0.99228,1.04124,0.03964,0.04251,"tie","we win"
"20260906-124032","P-cores","aligned 64","4K",4096,13.6589,13.6470,12.8309,0.99300,0.95558,0.07274,0.06047,"tie","tie"
"20260906-124032","P-cores","aligned 64","16K",16384,197.5906,198.1940,199.9944,0.99881,1.02140,0.05774,0.06640,"tie","tie"
"20260906-124032","P-cores","aligned 64","64K",65536,787.9819,792.3417,790.7160,0.99973,1.01259,0.04277,0.03798,"tie","tie"
"20260906-124032","P-cores","aligned 16","16",16,0.2409,0.2327,1.1444,1.03789,4.93697,0.05447,0.06972,"tie","we win"
"20260906-124032","P-cores","aligned 16","48",48,0.3897,0.3889,2.1598,0.99822,5.66267,0.08649,0.09385,"tie","we win"
"20260906-124032","P-cores","aligned 16","80",80,0.5809,0.5778,2.1113,1.00835,3.69876,0.05391,0.08781,"tie","we win"
"20260906-124032","P-cores","aligned 16","112",112,0.7829,0.7885,2.1484,0.99328,2.80267,0.08299,0.08358,"tie","we win"
"20260906-124032","P-cores","aligned 16","144",144,1.3728,0.9697,2.1308,1.41983,2.17980,0.05468,0.09534,"C++ wins","we win"
"20260906-124032","P-cores","aligned 16","176",176,1.8773,1.2031,2.1881,1.58741,1.80656,0.08627,0.13166,"C++ wins","we win"
"20260906-124032","P-cores","aligned 16","208",208,1.5687,1.3706,2.2641,1.13812,1.65046,0.05413,0.07632,"C++ wins","we win"
"20260906-124032","P-cores","aligned 16","240",240,1.7908,1.5727,2.2971,1.13676,1.46178,0.04223,0.05322,"C++ wins","we win"
"20260906-124032","P-cores","aligned 16","272",272,1.9213,1.7299,2.2690,1.09819,1.30376,0.03373,0.06478,"C++ wins","we win"
"20260906-124032","P-cores","aligned 16","496",496,3.1645,3.1569,2.7615,1.00987,0.88225,0.04510,0.06616,"tie","libc wins"
"20260906-124032","P-cores","aligned 16","1008",1008,3.4182,3.3875,3.5436,1.00994,1.05386,0.08856,0.06185,"tie","tie"
"20260906-124032","P-cores","aligned 16","2032",2032,6.3968,6.3640,6.6370,1.00630,1.05212,0.03399,0.05467,"tie","we win"
"20260906-124032","P-cores","aligned 16","4080",4080,12.8372,12.6284,14.1445,1.02347,1.13408,0.08968,0.06802,"tie","we win"
"20260906-124032","P-cores","aligned 8","8",8,0.2294,0.2290,1.5077,1.00443,6.62710,0.03663,0.05290,"tie","we win"
"20260906-124032","P-cores","aligned 8","24",24,0.2960,0.2960,1.1656,1.00070,3.94465,0.03434,0.04834,"tie","we win"
"20260906-124032","P-cores","aligned 8","40",40,0.3899,0.3890,2.1441,1.00134,5.59782,0.07224,0.10463,"tie","we win"
"20260906-124032","P-cores","aligned 8","56",56,0.5751,0.5762,2.1675,0.99946,3.89107,0.10936,0.09178,"tie","we win"
"20260906-124032","P-cores","aligned 8","88",88,0.7667,0.7679,2.1495,0.99763,2.81137,0.06152,0.07180,"tie","we win"
"20260906-124032","P-cores","aligned 8","120",120,0.9600,0.9568,2.1317,0.99466,2.25939,0.05653,0.06114,"tie","we win"
"20260906-124032","P-cores","aligned 8","152",152,1.2673,1.2750,2.2226,0.99829,1.80687,0.09422,0.09531,"tie","we win"
"20260906-124032","P-cores","aligned 8","248",248,1.8250,1.8071,2.2052,1.00901,1.23379,0.04993,0.05380,"tie","we win"
"20260906-124032","P-cores","aligned 8","504",504,3.4160,3.3393,2.7668,1.07049,0.83197,0.15211,0.11294,"tie","libc wins"
"20260906-124032","P-cores","aligned 8","1016",1016,3.5257,3.4774,4.7450,1.00194,1.37307,0.04456,0.08830,"tie","we win"
"20260906-124032","P-cores","aligned 8","4088",4088,12.8888,13.0397,14.1711,0.99018,1.09878,0.05444,0.06748,"tie","we win"
"20260906-124032","P-cores","non-zero byte","32",32,0.2736,0.2767,1.1712,0.98928,4.34173,0.03645,0.06988,"tie","we win"
"20260906-124032","P-cores","non-zero byte","64",64,0.3888,0.3913,2.1387,0.98826,5.56200,0.06492,0.12585,"tie","we win"
"20260906-124032","P-cores","non-zero byte","96",96,0.5894,0.5825,2.1800,1.00749,3.76052,0.07659,0.05792,"tie","we win"
"20260906-124032","P-cores","non-zero byte","128",128,0.8010,0.7845,2.1748,1.02202,2.77743,0.06040,0.07994,"tie","we win"
"20260906-124032","P-cores","non-zero byte","160",160,1.5576,1.1035,2.1933,1.42938,1.99404,0.06781,0.09985,"C++ wins","we win"
"20260906-124032","P-cores","non-zero byte","192",192,1.5467,1.1691,2.1337,1.34432,1.83190,0.07462,0.07142,"C++ wins","we win"
"20260906-124032","P-cores","non-zero byte","224",224,1.7892,1.3951,2.3473,1.29104,1.68760,0.05233,0.07686,"C++ wins","we win"
"20260906-124032","P-cores","non-zero byte","256",256,1.7614,1.5606,2.3192,1.14027,1.47581,0.06618,0.08038,"C++ wins","we win"
"20260906-124032","P-cores","non-zero byte","288",288,2.0721,1.7601,2.2656,1.17270,1.27578,0.14281,0.10254,"C++ wins","we win"
"20260906-124032","P-cores","non-zero byte","320",320,1.9678,1.9295,2.5250,1.09802,1.30569,0.35703,0.15442,"tie","tie"
"20260906-124032","P-cores","non-zero byte","384",384,2.8474,2.3684,2.5551,1.33225,1.07475,0.27700,0.47980,"C++ wins","tie"
"20260906-124032","P-cores","non-zero byte","448",448,2.7023,2.7142,2.5354,0.99958,0.94872,0.03304,0.04986,"tie","libc wins"
"20260906-124032","P-cores","non-zero byte","512",512,1.9365,1.9550,2.7803,0.98827,1.41677,0.03172,0.06028,"tie","we win"
"20260906-124032","P-cores","non-zero byte","576",576,2.3227,2.3453,3.2731,0.97272,1.40827,0.10725,0.11211,"tie","we win"
"20260906-124032","P-cores","non-zero byte","768",768,2.7256,2.7027,3.0110,1.00099,1.11579,0.04330,0.05075,"tie","we win"
"20260906-124032","P-cores","non-zero byte","1K",1024,3.4656,3.4878,3.5432,1.00041,1.02113,0.03783,0.05180,"tie","tie"
"20260906-124032","P-cores","non-zero byte","1536",1536,5.0599,5.0360,5.3217,0.99843,1.06445,0.03022,0.04131,"tie","we win"
"20260906-124032","P-cores","non-zero byte","2K",2048,6.7002,6.6492,6.7216,1.01877,1.01658,0.03488,0.08366,"tie","tie"
"20260906-124032","P-cores","non-zero byte","3K",3072,9.8390,9.6045,10.0931,1.02482,1.05872,0.07868,0.07482,"tie","tie"
"20260906-124032","P-cores","non-zero byte","4K",4096,15.1864,15.1248,12.7788,1.00227,0.85706,0.05847,0.04282,"tie","libc wins"
"20260906-124032","P-cores","non-zero byte","8K",8192,98.8635,99.3621,99.3588,0.99520,1.00762,0.03695,0.02846,"tie","tie"
"20260906-124032","P-cores","non-zero byte","16K",16384,204.4252,201.5571,199.4840,1.00815,1.00445,0.05257,0.05726,"tie","tie"
"20260906-124032","P-cores","non-zero byte","64K",65536,801.3696,801.8433,797.4654,0.99678,1.00899,0.06004,0.04052,"tie","tie"
"20260906-124032","P-cores","natural (control)","1",1,0.2357,0.2350,1.5658,0.99947,6.66903,0.02160,0.04771,"tie","we win"
"20260906-124032","P-cores","natural (control)","3",3,0.2394,0.2379,1.5116,1.00085,6.43425,0.05982,0.06888,"tie","we win"
"20260906-124032","P-cores","natural (control)","7",7,0.2445,0.2475,1.5886,0.98280,6.48677,0.11811,0.05483,"tie","we win"
"20260906-124032","P-cores","natural (control)","8",8,0.2352,0.2321,1.5434,1.00417,6.64204,0.06249,0.07416,"tie","we win"
"20260906-124032","P-cores","natural (control)","9",9,0.2446,0.2437,1.5723,1.00595,6.36805,0.05403,0.08034,"tie","we win"
"20260906-124032","P-cores","natural (control)","15",15,0.3951,0.3930,1.5360,1.00669,3.94122,0.05863,0.07941,"tie","we win"
"20260906-124032","P-cores","natural (control)","16",16,0.2909,0.2914,1.1580,0.99352,4.01507,0.06151,0.05479,"tie","we win"
"20260906-124032","P-cores","natural (control)","17",17,0.3989,0.3964,1.1918,1.00295,2.97576,0.02168,0.07974,"tie","we win"
"20260906-124032","P-cores","natural (control)","24",24,0.3890,0.3857,1.1877,1.00325,3.08432,0.04242,0.07757,"tie","we win"
"20260906-124032","P-cores","natural (control)","31",31,0.3983,0.3983,1.1821,1.00366,2.98130,0.01678,0.05910,"tie","we win"
"20260906-124032","P-cores","natural (control)","32",32,0.3924,0.3925,1.1764,1.00187,2.98966,0.01967,0.06256,"tie","we win"
"20260906-124032","P-cores","natural (control)","33",33,0.5357,0.5341,2.1577,1.00581,4.05578,0.04371,0.09381,"tie","we win"
"20260906-124032","P-cores","natural (control)","47",47,0.5912,0.5878,2.1747,1.00108,3.79231,0.07702,0.08962,"tie","we win"
"20260906-124032","P-cores","natural (control)","50",50,0.7916,0.7899,2.1633,1.00368,2.78262,0.06637,0.09411,"tie","we win"
"20260906-124032","P-cores","natural (control)","63",63,0.7745,0.7789,2.1848,0.99650,2.87741,0.06470,0.08396,"tie","we win"
"20260906-124032","P-cores","natural (control)","64",64,0.7989,0.8028,2.1812,0.99446,2.78780,0.09116,0.09291,"tie","we win"
"20260906-124032","P-cores","natural (control)","65",65,0.7916,0.7923,2.1691,1.00168,2.75463,0.05068,0.06747,"tie","we win"
"20260906-124032","P-cores","natural (control)","100",100,0.9636,0.9680,2.1807,1.00109,2.28177,0.05848,0.07452,"tie","we win"
"20260906-124032","P-cores","natural (control)","127",127,2.0843,2.1003,2.1354,0.98670,1.05146,0.08564,0.06363,"tie","tie"
"20260906-124032","P-cores","natural (control)","128",128,2.0637,2.0714,2.1080,0.99304,1.03586,0.06707,0.04561,"tie","tie"
"20260906-124032","P-cores","natural (control)","129",129,1.5801,1.3824,2.1571,1.13679,1.56072,0.04873,0.05396,"C++ wins","we win"
"20260906-124032","P-cores","natural (control)","200",200,1.6155,1.8266,2.3192,0.88053,1.44063,0.07727,0.09293,"C++ LOSES","we win"
"20260906-124032","P-cores","natural (control)","250",250,1.7908,1.7746,2.2843,1.00625,1.28803,0.06480,0.05164,"tie","we win"
"20260906-124032","P-cores","natural (control)","255",255,2.1404,3.1385,2.3141,0.70040,1.06142,0.24817,0.26677,"C++ LOSES","tie"
"20260906-124032","P-cores","natural (control)","256",256,2.4044,3.2548,2.2807,0.79254,0.88397,0.24307,0.27560,"tie","tie"
"20260906-124032","P-cores","natural (control)","257",257,2.1850,2.0485,2.3243,1.06525,1.13640,0.07049,0.08254,"tie","we win"
"20260906-124032","P-cores","natural (control)","500",500,3.2903,3.2835,2.7607,1.00523,0.84349,0.03038,0.04419,"tie","libc wins"
"20260906-124032","P-cores","natural (control)","1000",1000,3.5507,3.5171,3.5744,1.00018,1.02129,0.03704,0.05786,"tie","tie"
"20260906-124032","P-cores","natural (control)","1023",1023,3.7379,3.7741,4.7616,0.99287,1.27734,0.06330,0.08339,"tie","we win"
"20260906-124032","P-cores","natural (control)","1K",1024,3.6514,3.6475,4.6901,1.00495,1.29330,0.03717,0.06629,"tie","we win"
"20260906-124032","P-cores","natural (control)","1025",1025,3.6771,3.6717,4.6995,1.00107,1.28244,0.04713,0.09151,"tie","we win"
"20260906-124032","P-cores","natural (control)","2047",2047,6.8016,6.8153,7.5640,0.99934,1.12145,0.05606,0.08723,"tie","we win"
"20260906-124032","P-cores","natural (control)","4095",4095,13.1267,13.1928,12.9291,0.99876,0.99810,0.08332,0.07462,"tie","tie"
"20260906-124032","P-cores","natural (control)","4K",4096,15.0370,15.7761,13.2499,0.94998,0.92128,0.21182,0.11698,"tie","tie"
"20260906-124032","P-cores","natural (control)","4097",4097,16.0869,15.8902,13.7106,1.01568,0.87869,0.09288,0.09787,"tie","libc wins"
"20260906-124032","P-cores","scattered","32",32,4.9823,4.9753,5.6913,1.00890,1.18040,0.13820,0.25224,"tie","we win"
"20260906-124032","P-cores","scattered","64",64,4.8400,4.9299,5.4539,1.01017,1.16914,0.17894,0.14921,"tie","tie"
"20260906-124032","P-cores","scattered","96",96,6.0965,5.9200,6.9847,1.02098,1.21364,0.18012,0.20087,"tie","we win"
"20260906-124032","P-cores","scattered","128",128,7.1736,7.1718,7.5861,1.03168,1.11296,0.16306,0.20312,"tie","tie"
"20260906-124032","P-cores","scattered","160",160,10.6655,10.4902,8.7566,1.01680,0.89412,0.28658,0.26750,"tie","tie"
"20260906-124032","P-cores","scattered","192",192,11.6312,11.9060,9.8863,1.01788,0.88347,0.17395,0.19623,"tie","tie"
"20260906-124032","P-cores","scattered","224",224,12.9598,13.1343,10.7265,0.98297,0.83057,0.15680,0.21518,"tie","libc wins"
"20260906-124032","P-cores","scattered","256",256,14.4482,14.3063,11.2450,1.00380,0.81418,0.21466,0.18598,"tie","tie"
"20260906-124032","P-cores","scattered","288",288,20.1608,20.7965,17.0303,0.98329,0.88104,0.22011,0.19728,"tie","tie"
"20260906-124032","P-cores","scattered","320",320,21.8533,21.8458,18.2702,1.01294,0.87515,0.15339,0.21830,"tie","tie"
"20260906-124032","P-cores","scattered","384",384,25.7025,25.3178,20.5575,1.01720,0.86603,0.27324,0.17374,"tie","tie"
"20260906-124032","P-cores","scattered","448",448,27.3742,27.3992,21.4588,0.97875,0.82222,0.21255,0.19620,"tie","tie"
"20260906-124032","P-cores","scattered","512",512,23.4853,23.9360,23.6358,0.98749,1.06342,0.18869,0.23542,"tie","tie"
"20260906-124032","P-cores","scattered","576",576,24.9670,25.0975,24.7655,1.03582,1.04440,0.16292,0.19413,"tie","tie"
"20260906-124032","P-cores","scattered","768",768,29.3843,28.7405,28.7520,1.02545,1.00200,0.10540,0.12189,"tie","tie"
"20260906-124032","P-cores","scattered","1K",1024,38.2767,38.3110,38.1868,1.02126,1.04451,0.12670,0.16800,"tie","tie"
"20260906-124032","P-cores","scattered","1536",1536,50.8468,50.7117,51.5163,0.98610,1.03861,0.09327,0.15964,"tie","tie"
"20260906-124032","P-cores","scattered","2K",2048,62.9815,62.5977,62.1787,1.00465,1.02838,0.13971,0.14715,"tie","tie"
"20260906-124032","P-cores","scattered","3K",3072,84.5713,85.7762,84.0973,0.98373,1.01421,0.09641,0.12063,"tie","tie"
"20260906-124032","P-cores","scattered","4K",4096,138.2892,138.7855,105.0990,0.98199,0.76693,0.13782,0.27414,"tie","libc wins"
"20260906-124032","P-cores","scattered","8K",8192,314.1633,311.1933,278.9350,1.00191,0.91341,0.09636,0.16795,"tie","tie"
"20260906-124032","P-cores","scattered","16K",16384,491.0533,482.0517,452.5350,1.02375,0.98381,0.13975,0.13765,"tie","tie"
"20260906-124032","P-cores","scattered","64K",65536,1512.0083,1429.6017,1488.6667,1.03322,1.05260,0.09098,0.14454,"tie","tie"
"20260906-124032","P-cores","by declared alignment","256 @32",256,1.7676,1.5867,2.3236,1.11272,1.46780,0.03707,0.06899,"C++ wins","we win"
"20260906-124032","P-cores","by declared alignment","256 @16",256,1.7392,1.7476,2.2841,0.99235,1.33462,0.04466,0.07708,"tie","we win"
"20260906-124032","P-cores","by declared alignment","256 @8",256,1.7771,1.7745,2.3242,0.99801,1.32587,0.03684,0.07034,"tie","we win"
"20260906-124032","P-cores","by declared alignment","256 @1",256,1.7744,1.7718,2.3490,1.00835,1.34139,0.04550,0.07161,"tie","we win"
"20260906-124032","P-cores","by declared alignment","1024 @32",1024,3.4803,3.4685,3.5465,0.98952,1.03591,0.07881,0.05506,"tie","tie"
"20260906-124032","P-cores","by declared alignment","1024 @16",1024,3.5613,3.6298,4.8891,0.95954,1.41032,0.11093,0.08842,"tie","we win"
"20260906-124032","P-cores","by declared alignment","1024 @8",1024,3.5190,3.5161,4.7114,0.99499,1.34532,0.05013,0.08433,"tie","we win"
"20260906-124032","P-cores","by declared alignment","1024 @1",1024,3.5133,3.4953,4.6823,1.00828,1.35540,0.05854,0.06030,"tie","we win"
"20260906-124032","P-cores","by declared alignment","4096 @32",4096,15.0743,15.1282,12.8180,0.99417,0.85708,0.04608,0.04817,"tie","libc wins"
"20260906-124032","P-cores","by declared alignment","4096 @16",4096,14.9423,15.0718,12.7848,0.99421,0.87581,0.08114,0.07496,"tie","libc wins"
"20260906-124032","P-cores","by declared alignment","4096 @8",4096,15.1352,15.3113,13.0486,0.99553,0.86673,0.04195,0.07293,"tie","libc wins"
"20260906-124032","P-cores","by declared alignment","4096 @1",4096,15.0516,15.0069,12.7829,1.00484,0.86341,0.04308,0.04119,"tie","libc wins"
"20260906-124032","P-cores","by address offset","256 +0",256,1.7800,1.7729,2.3420,0.99537,1.32272,0.03848,0.07007,"tie","we win"
"20260906-124032","P-cores","by address offset","256 +1",256,2.1541,3.0633,2.2642,0.70589,1.03066,0.10251,0.17575,"C++ LOSES","tie"
"20260906-124032","P-cores","by address offset","256 +2",256,2.1644,2.1781,2.3011,0.98671,1.07767,0.11782,0.08828,"tie","tie"
"20260906-124032","P-cores","by address offset","256 +4",256,2.9043,2.2801,2.3344,1.24082,0.98894,0.24180,0.30482,"tie","tie"
"20260906-124032","P-cores","by address offset","256 +8",256,2.3743,3.1567,2.3191,0.82720,0.89512,0.30289,0.33724,"tie","tie"
"20260906-124032","P-cores","by address offset","256 +15",256,2.0293,2.1878,2.3071,0.90503,1.13816,0.18566,0.17812,"tie","tie"
"20260906-124032","P-cores","by address offset","256 +16",256,1.7965,1.8055,2.3786,0.98170,1.33417,0.04782,0.07841,"tie","we win"
"20260906-124032","P-cores","by address offset","256 +31",256,3.2082,3.2140,2.2970,1.01289,0.73048,0.10856,0.16617,"tie","libc wins"
"20260906-124032","P-cores","by address offset","4096 +0",4096,15.2340,15.0866,12.7883,1.00273,0.85437,0.03420,0.04884,"tie","libc wins"
"20260906-124032","P-cores","by address offset","4096 +1",4096,15.1606,15.0020,12.9212,1.01640,0.86817,0.06266,0.05286,"tie","libc wins"
"20260906-124032","P-cores","by address offset","4096 +2",4096,15.2492,15.1443,13.0600,1.01006,0.87583,0.07085,0.07001,"tie","libc wins"
"20260906-124032","P-cores","by address offset","4096 +4",4096,15.1453,15.0514,12.9325,1.00658,0.87052,0.05738,0.04748,"tie","libc wins"
"20260906-124032","P-cores","by address offset","4096 +8",4096,14.9518,14.9363,13.1703,1.00606,0.88910,0.08012,0.06053,"tie","libc wins"
"20260906-124032","P-cores","by address offset","4096 +15",4096,15.0772,14.9191,12.8726,1.00368,0.87058,0.04844,0.04626,"tie","libc wins"
"20260906-124032","P-cores","by address offset","4096 +16",4096,15.1193,15.1347,13.2012,1.00041,0.88143,0.07327,0.07038,"tie","libc wins"
"20260906-124032","P-cores","by address offset","4096 +31",4096,15.1609,14.9297,12.9424,1.00554,0.87796,0.07912,0.05330,"tie","libc wins"
